{
  "project_info": {
    "project_number": "1084248537552",
    "project_id": "dam-u4-proyecto2-18401194",
    "storage_bucket": "dam-u4-proyecto2-18401194.appspot.com"
  },
  "client": [
    {
      "client_info": {
        "mobilesdk_app_id": "1:1084248537552:android:2b6cf9c5e672df9b52a1d5",
        "android_client_info": {
          "package_name": "com.example.dam_u4_proyecto2_18401194"
        }
      },
      "oauth_client": [
        {
          "client_id": "1084248537552-v5452lu2g43a257m5792uu0s9jpjrv5l.apps.googleusercontent.com",
          "client_type": 3
        }
      ],
      "api_key": [
        {
          "current_key": "AIzaSyCKBhLTFDh8uzU1XhZQVY6kkh_MZ6tvcr4"
        }
      ],
      "services": {
        "appinvite_service": {
          "other_platform_oauth_client": [
            {
              "client_id": "1084248537552-v5452lu2g43a257m5792uu0s9jpjrv5l.apps.googleusercontent.com",
              "client_type": 3
            }
          ]
        }
      }
    }
  ],
  "configuration_version": "1"
}